cdr3aa,score,count,cdr3_len
CASSFPKWGDDQETQYF,29.806137635745703,4,17
CASQLAGRVYEQYF,27.733563163425902,4,14
CASSFEGGEQFF,18.15014955072441,3,12
CASSDEGVDSYEQYF,22.83840822160604,3,15
CASSMDRATYEQYF,22.539778397098587,3,14
CASSAQDGSYNEQFF,24.616848921415404,3,15
CASTLLGDNYGYTF,21.57514966568764,3,14
CASSLSPLETQYF,19.067837408667657,3,13
CASSYGVPNTGELFF,20.14344094167299,3,15
CASSPYRGGTNEKLFF,24.25467911534584,3,16
CASSYVGDEQFF,9.287301413112312,3,12
CASSPAVGNTIYF,22.20013750547865,3,13
CASSTDSDTQYF,21.741323109400035,3,12
CASSGPGGGTDTQYF,20.05600672973855,3,15
CASSTDGAASSYNEQFF,21.863603698984427,3,17
CASSLSGGGDTEAFF,16.865375840098192,3,15
CASSQEMTDGNTIYF,24.756521530731288,3,15
CASSTLGTANTGELFF,17.51309050280056,3,16
CASSLYRDRYSNQPQHF,25.911069910786946,3,17
CASSEEGEGAKNIQYF,21.800826279649502,3,16
CASSFRDVSTDTQYF,23.000507735787785,3,15
CATSRDTGGREKLFF,29.27362428616808,3,15
CASSLEATKSEKLFF,29.297645559063312,3,15
CASSVLSGSYNEQFF,17.431243024185015,3,15
CASSSRSGTQYF,16.656048482257482,3,12
CASSLADGTQYF,20.01581543527774,3,12
CASSSSGSTYNEQFF,13.223745991692931,3,15
CASSSSTGAGSYNEQFF,24.346979999143,3,17
CATSSAVVQATNEKLFF,26.34288872904446,3,17
CASRRRDYEQYF,23.78061053698301,3,12
CASSSPGQGVNYGYTF,16.92139383942345,3,16
CASHRGGETQYF,12.094291562069426,3,12
CAISDGRGNTIYF,24.36158413911741,3,13
CASSPLDNTEAFF,10.895293836886427,3,13
CASSLLSGSGANVLTF,21.893806644579847,3,16
CASSLGGGRDQETQYF,19.028749920987515,3,16
CSARGQFYEQYF,24.449660704863007,3,12
CASSFPRDQETQYF,15.737769202288304,3,14
CASSVLTSGSSYEQYF,21.555515264069204,3,16
CAGGQGTGNTIYF,17.546558587551242,2,13
CAISESDRGQETQYF,10.07094924642306,2,15
CAISDSPGSNTGELFF,16.847899683864426,2,16
CAIRQGGSGVSYNEQFF,9.467769401256945,2,17
CAGSYRGSYEQYF,18.241864843159583,2,13
CAGGWGTEAFF,11.364239824574028,2,11
CAIGMNSNQPQHF,14.14414645624618,2,13
CAISERDEQFF,10.638975573585595,2,11
CAISERENEQFF,13.381273992577157,2,12
CASGGGNSYNEQFF,14.756690956183167,2,14
CAISEGTSYNEQFF,5.828945617610208,2,14
CASGPPGANTGELFF,10.687685855980014,2,15
CASGRLAGTQGAKNIQYF,13.164061787760003,2,18
CASGRGGPLNTEAFF,16.457896270932594,2,15
CASGLDGETQYF,10.243524855321835,2,12
CASGEAGSTDTQYF,11.905676760658316,2,14
CASGAQGGGTEAFF,10.048453322786315,2,14
CASGIGGTNTGELFF,12.486450607796478,2,15
CASGGVETQYF,12.698950161315524,2,11
CAISAGQHYEQYF,12.31525883396104,2,13
CAIRPGQSTDTQYF,14.668368930012123,2,14
CAISESWGENTEAFF,14.480258264002522,2,15
CAISDKQETQYF,13.96832091138384,2,12
CASCSTDTQYF,17.225076029296932,2,11
CAISRQGGNTEAFF,14.1986325745279,2,14
CASRASGSSTDTQYF,15.704066223539076,2,15
CARGLAGGTDTQYF,14.200070671392542,2,14
CARSEGHTSIYF,6.035481432524756,2,12
CASDRGGETQYF,7.390181428226429,2,12
CASDRDRGYEQYF,15.059872623194778,2,13
CASDHQETQYF,10.49847048430884,2,11
CASCRGDLTGELFF,10.15754820648506,2,14
CAISDPGSSSYEQYF,6.843749949006224,2,15
CASAVPMNTEAFF,16.10490402277187,2,13
CASAPGQTNTEAFF,16.152245838388236,2,14
CASALTGAPTYEQYF,13.77896689830358,2,15
CARSSRTGRKDEKLFF,15.857103025363983,2,16
CARSPRETQYF,10.909253290837883,2,11
CAISESKASGPSYNEQFF,16.459327968966193,2,18
CAISDRDRVSYNEQFF,12.15416337199273,2,16
CAISDRDRVSYEQYF,15.711525682716925,2,15
CASRQQSSYNSPLHF,16.162789149526045,2,15
CASRPSSTGELFF,9.513108081846005,2,13
CASRLAGGEQFF,10.055263987501922,2,12
CASRLTGFTEAFF,15.006916225585162,2,13
CASRPPGVSNQPQHF,10.65735346813078,2,15
CASRPPGPKNIQYF,9.980865173557472,2,14
CASRPLAGSNTGELFF,15.920973097832206,2,16
CASRPGTSGTGELFF,11.900172290045756,2,15
CASRPGVRNTEAFF,15.44669215380214,2,14
CASRENREEAFF,10.379100420546374,2,12
CASRELQNTGELFF,12.652007686192052,2,14
CASREDLGGTEAFF,16.382044505453486,2,14
CASRERGTEAFF,12.024790548310882,2,12
CASRERLGIDTQYF,9.273878392780173,2,14
CASRERNQETQYF,15.053490798359942,2,13
CASRFTSGGPDTQYF,12.66772903328808,2,15
CASRFTSDTQYF,9.25167423546916,2,12
CASRDRASSYEQYF,14.517021663185382,2,14
CASRDPHLSNTGELFF,15.68039548111877,2,16
CASRDEGRSSGNTIYF,16.86335262248175,2,16
CASRASSTYEQYF,16.096314555784662,2,13
CASRDGRGTEAFF,15.947713534535785,2,13
CASRPDRGNADTQYF,13.931936228372674,2,15
CASRPGESSYEQYF,12.86010470736155,2,14
CASRPGQGANIQYF,13.32539564579311,2,14
CASRNRGNEKLFF,15.94008140437054,2,13
CASRLRGGQGGSGANVLTF,13.546846491348257,2,19
CASRLLVNTEAFF,16.678788344536937,2,13
CASRLGQGSSYNEQFF,15.008707308621773,2,16
CASRLGQGDTEAFF,13.715292353487364,2,14
CASRIAGEKYEQYF,14.528380950902411,2,14
CASRGVAGGVSYEQYF,13.643833348564028,2,16
CASRIRDIQYF,13.351186767849704,2,11
CASRGTSGGGSTDTQYF,14.829819073500168,2,17
CASRKAGERGFSTEAFF,10.362050991639308,2,17
CASRQGVGDTEAFF,14.950281183185664,2,14
CASRLAEDTQYF,12.998159773945025,2,12
CASRKQGVTGELFF,8.121480374750751,2,14
CASRKQGAGGANVLTF,9.029537661151496,2,16
CASRKGLAIKGGNEQFF,7.327123292259293,2,17
CASRKDRGEDTQYF,12.538612159123671,2,14
CASRKDGVAVESQYF,6.329720905522697,2,15
CASRPTDSGNTIYF,16.78760852872048,2,14
CAISVGTSSYEQYF,15.168856533690793,2,14
CAISVGGQETQYF,14.335629068791844,2,13
CASRALAGSNTGELFF,13.218465970439071,2,16
CALRQGVNTEAFF,15.644556499111673,2,13
CASSDSGSKDTQYF,9.797015308025612,2,14
CASSDSGQGSSYNEQFF,10.2553760597409,2,17
CASSDSGQGSSYEQYF,13.996080581719422,2,16
CASSDPNRGDTQYF,11.200130691703372,2,14
CASSDPGQPPYEQYF,16.40487864435963,2,15
CASSDPGQGARDTQYF,15.240357139615265,2,16
CASSDNRGRTDTQYF,10.088929236666326,2,15
CASSDLRQGSNEKLFF,14.597680008978331,2,16
CASSDLGVETQYF,13.167984716623236,2,13
CASSDPPNTQYF,10.904634006310747,2,12
CASSDRGLAEETQYF,9.987828700969878,2,15
CASSDPRGTADTQYF,13.403624882053188,2,15
CASSDQLAGGITDTQYF,12.00339326734832,2,17
CASKGMGVDTQYF,12.98084359092612,2,13
CASKGLLGYEQYF,12.87848126094072,2,13
CASKGETEAFF,10.355072596257845,2,11
CASKEQGYEQYF,15.68747272206723,2,12
CASKGTDNEKLFF,14.171124138856465,2,13
CASKGWGGRTDTQYF,14.583366244607054,2,15
CASSDSGTVNEKLFF,18.733397577772024,2,15
CASSDSQADTQYF,12.983997460132516,2,13
CASSDSGEHSGANVLTF,16.49770838087457,2,17
CASSDATSSYNEQFF,13.997191909870809,2,15
CASSEGGENIQYF,12.748867755735253,2,13
CASSDGLAASYEQYF,14.318888516595106,2,15
CASSDDNSGNTIYF,14.280340828436014,2,14
CASSDGLAASYNEQFF,10.21049419685733,2,16
CASSDIQGTGNTIYF,6.458338283344791,2,15
CASSDHVAGEVDTQYF,12.37584073625251,2,16
CASSDHTGANTGELFF,8.817890200945513,2,16
CASSDGRFVASGSSYNEQFF,10.680516217076775,2,20
CASSDAGGDTQYF,13.468525656409716,2,13
CASSDRRDSYEQYF,18.026227902643747,2,14
CASSASGTGHYEQYF,11.183796202604274,2,15
CASSATGTGRVHSYNEQFF,16.31207902696871,2,19
CASSCSPGAGDTQYF,15.153346025038726,2,15
CASSAYLAKNIQYF,11.048760756003286,2,14
CASSAVGGSYNSPLHF,8.912069097970134,2,16
CASSATSTEAFF,12.032100138222413,2,12
CASSATQGAYEQYF,16.0966677035447,2,14
CASSDRVGEETQYF,14.985582983027632,2,14
CASKRTGIYEQYF,17.86619054770011,2,13
CASKRADQETQYF,12.692540000806574,2,13
CASKQVRGRGANVLTF,17.53668022624661,2,16
CASKWTGTDTQYF,11.41452952911396,2,13
CASRDRGLSADTQYF,9.785660765922684,2,15
CASNRWGRRTDEAFF,13.051262571498144,2,15
CASNIGTQIGDTQYF,10.479454640632904,2,15
CASMGQPNEKLFF,15.766575398739356,2,13
CASMGFNEKLFF,9.920147993429236,2,12
CASLPGDRESDTQYF,11.394175712193386,2,15
CASLLGNEQFF,9.027618735160887,2,11
CASLEDRVAEKLFF,17.115457632144896,2,14
CASLLQETQYF,10.779268741072071,2,11
CASNTPGQGADTQYF,11.386341312860775,2,15
CASNLGLAGGADTQYF,10.115367911571626,2,16
CASNRLAGAADTQYF,12.881274772435242,2,15
CASNRDRGLNLAPLAKNIQYF,8.881697406469304,2,21
CASNQFRTDTQYF,15.111550835654873,2,13
CASNPWRATNEKLFF,16.637031339067864,2,15
CASNPEGYEQYF,14.787997107197672,2,12
CASNNPGLNTEAFF,15.51531627494438,2,14
CASNLQGARTEAFF,9.67633597982438,2,14
CASRAGFNYGYTF,13.533158257013383,2,13
CASNYAGVGDTQYF,14.956894938476252,2,14
CASKKSGTSGAYEQYF,13.226581040254596,2,16
CASIGGGVTEAFF,16.196535690429602,2,13
CASKKETGNTIYF,13.231043776146826,2,13
CASGTGRTGELFF,7.218176838403408,2,13
CASGTGQTYEQYF,16.19609115685123,2,13
CASGTGGAQETQYF,8.055157731819678,2,14
CASIYSGNTIYF,17.136727063374625,2,12
CASIRDRYEQYF,16.376733365069597,2,12
CASINDRGNTEAFF,15.684708732006776,2,14
CASIIEMGRADTQYF,14.657076019503076,2,15
CASIFKRLAKNIQYF,10.530494930591528,2,15
CASPRVAADLNTEAFF,11.752635038872912,2,16
CASHRGSSYEQYF,14.09135053881134,2,13
CASHGSADSYNSPLHF,14.489864241884382,2,16
CASGWGTGIDTQYF,9.400133943608838,2,14
CASKTSGSAVDTQYF,12.085536448400465,2,15
CASKTSTGELFF,7.137278437260386,2,12
CASRAAGGVETQYF,9.923878242183862,2,14
CASQGGMNTEAFF,12.771400659024804,2,13
CASPYRRGPSYNEQFF,15.287068436122825,2,16
CASRDRGHEKLFF,15.00948302518675,2,13
CASSGTRLAKNIQYF,13.164905491669998,2,15
CASRDRGHTGELFF,8.738735461363472,2,14
CASSFGLEGETQYF,7.566311014772463,2,14
CASSKFGDYFSGANVLTF,17.625860463076837,2,18
CASSFDRFTEAFF,13.27287773954917,2,13
CASSFDPGQGSVTEAFF,14.758831071559063,2,17
CASSFAGSGTEAFF,17.600520219204572,2,14
CASSFAGHTGELFF,9.193295937366925,2,14
CASSFDRGRTGELFF,7.691200097522863,2,15
CASSFDRLVAEAFF,10.616804939885457,2,14
CASSFAGGLHDYEQYF,16.21882530068881,2,16
CASSETGTGKLFF,14.019412572541553,2,13
CASSEVRGNTIYF,16.483433731334195,2,13
CASSEVSGYNEQFF,9.688498165477789,2,14
CASSEYRTGNTEAFF,13.117499568238127,2,15
CASSEYRAAYEQYF,15.539754278507854,2,14
CASSEYLGDTQYF,15.672195973271164,2,13
CASSEYGLGSWGRDTQYF,10.690125076183412,2,18
CASSEYEGGAFF,11.37768976369358,2,12
CASSEWALNTEAFF,19.45042615676717,2,14
CASSEVSLRETQYF,8.699514748210191,2,14
CASSETGLSETQYF,9.766865674993165,2,14
CASSKDPKGDEKLFF,17.503334555279594,2,15
CASSKDRGHQETQYF,11.628359076222551,2,15
CASSKDTAKNIQYF,9.601030194502192,2,14
CASSKHRKQETQYF,6.476972362889683,2,14
CASSINTGTSGKYEQYF,17.39554844458373,2,17
CASSIHRGGTEAFF,11.088323407952856,2,14
CASSILGQLNTEAFF,12.97442933418744,2,15
CASSKRTGTMRRDGEKLFF,14.763421654918652,2,19
CASSKPGSGLLNTEAFF,16.70654309749616,2,17
CASSKPGGPSEAFF,16.157419628010473,2,14
CASSKLAGERDTQYF,5.780743515792329,2,15
CASSKIPGHFTDTQYF,13.123474759590293,2,16
CASSKTGEAFF,14.56719453529113,2,11
CASSIWGGEAFF,9.837454581931691,2,12
CASSLAAGFNYGYTF,15.454618722739806,2,15
CASSKTTGTEAFF,15.779319001215542,2,13
CASSKTQNTEAFF,14.928140143680466,2,13
CASSITSGLPYEQYF,15.188549452281716,2,15
CASSITSGGTTDTQYF,13.898322964938618,2,16
CASSIVRGGTEAFF,9.453286550586572,2,14
CASSITGAETQYF,11.257904174757996,2,13
CASSKGQGGAYEQYF,15.851179401911097,2,15
CASSFGLNSYEQYF,17.004196334997346,2,14
CASSFGLAGGPSYNEQFF,15.365647622007147,2,18
CASRGRGGSGANVLTF,8.63052187672324,2,16
CASSFGDRGSNQPQHF,8.371010681238156,2,16
CASSERTSGIQFF,8.391629968440892,2,13
CASSERLRGNEQFF,7.832014180505469,2,14
CASSERDTNYGYTF,12.483704382128453,2,14
CASSFSGVAFF,9.67890546702757,2,11
CASSFSGSVNEQFF,14.1340704652641,2,14
CASSFSGSAQYF,9.527192821727745,2,12
CASSFSLSEKLFF,17.212254504455203,2,13
CASSFSPGLNTEAFF,12.060549640053273,2,15
CASSFSPGQLKMNSYNEQFF,13.17250881325426,2,20
CASSFSVGSYEQYF,13.426111693792832,2,14
CASSFRVETEAFF,13.321020774814103,2,13
CASSFRQVGEKLFF,12.203810087875915,2,14
CASSFRQGGADTQYF,14.432422274093636,2,15
CASSFRRIDTQYF,16.067283924808695,2,13
CASSFSAGGGLDTQYF,15.107554127929472,2,16
CASSFSDTTYEQYF,14.220895662872266,2,14
CASSGDASSYEQYF,16.376490509285166,2,14
CASSGAVGDTQYF,12.402962566499523,2,13
CASSGAGLGDTQYF,11.279984071175909,2,14
CASSESRAEAFF,14.551476777622856,2,12
CASSESVGGPDTQYF,17.04196519097601,2,15
CASSESIGNEQFF,11.464910999868469,2,13
CASSEGSQNTEAFF,10.838050329197731,2,14
CASSFGDRDSYNEQFF,11.685196685910682,2,16
CASSELTSGSSYEQYF,15.934422781552598,2,16
CASSEQDRNTDTQYF,12.644121103534356,2,15
CASSEPGQGTEAFF,13.19611928759151,2,14
CASSENLRTYTFF,11.324847371063894,2,13
CASSEMTGGDTQYF,14.51048806245894,2,14
CASSEMGGEAFF,11.670672527197604,2,12
CASSEGSWTDTQYF,13.824053958961567,2,14
CASSEGTSGSQDTQYF,14.282988500346516,2,16
CASSESFNYGYTF,14.458785539165795,2,13
CASSEISGTGNTIYF,16.252476182961935,2,15
CASSEIRGNTIYF,16.336833350747064,2,13
CASSEIGAPRTEAFF,9.261698664251323,2,15
CASSEIFGTEAFF,14.923599798132493,2,13
CASSEIAGGPETQYF,6.962243464266207,2,15
CASSEGVSSYNSPLHF,10.46629823136807,2,16
CASSEGVGGSYEQYF,16.068295977405715,2,15
CASSESGLARGTQYF,12.67070248680631,2,15
CASSIPGAAKNIQYF,15.631604201567658,2,15
CASSIHNQETQYF,14.766244454815142,2,13
CASSIGQADTEAFF,14.761134823990576,2,14
CASSIGSTSNQPQHF,13.123728445275091,2,15
CASSIDLSNQPQHF,10.466668406636046,2,14
CASSIASVNTEAFF,13.632306211626268,2,14
CASSIAPRGMNTGELFF,18.018591177288457,2,17
CASSIAPGQANTGELFF,20.435739563024075,2,17
CASSIEGRGSGANVLTF,16.672809730841763,2,17
CASSIGLASLGTDTQYF,17.249452148505895,2,17
CASSIETGTNYGYTF,15.9154650138425,2,15
CASSIAGVSGANVLTF,14.753859019537549,2,16
CASSHRDPNEKLFF,15.652319871746036,2,14
CASSHQLDSSYNEQFF,14.051360243375749,2,16
CASSHQLDSSYEQYF,17.843406010592062,2,15
CASSHSALSNEQFF,8.112227958349724,2,14
CASSHPSGGVSYNEQFF,11.852841763993997,2,17
CASSHPGRGTDTQYF,14.632339785196429,2,15
CASSHLAGAKNIQYF,9.471935109664646,2,15
CASSHQGNSYNEQFF,13.549339456679546,2,15
CASSIAGASGANVLTF,14.63444862558213,2,16
CASSHVTGSPYEQYF,16.246872609150238,2,15
CASSHTSTGANVLTF,15.179343029081071,2,15
CASSIDRTNYEQYF,15.34367485546924,2,14
CASSGTGLLQGMNTEAFF,17.485715778905856,2,18
CASSGTGPETQYF,6.456769655572163,2,13
CASSGTSGGAGELFF,6.035481432524756,2,15
CASRGQGLQETQYF,9.243001154215731,2,14
CASRASGRSYNEQFF,12.663750625085273,2,15
CASRGDTIYF,13.318799848449949,2,10
CASRGMGRVNTEAFF,17.35149553040356,2,15
CASRGLGRETQYF,10.764984132323145,2,13
CASRGGSLSGANVLTF,15.219724647387109,2,16
CASRGGRGAYEQYF,14.889795317390975,2,14
CASSGTVSGKAYEQYF,15.790297445918236,2,16
CASSGVRADTQYF,13.556941881131868,2,13
CASSGTNRVANTGELFF,15.03678993585805,2,17
CASSHFTSEEGNEQFF,8.795733605950735,2,16
CASSHEVRETQYF,11.368801020706062,2,13
CASSHADQETQYF,12.55661683473858,2,13
CASSGTRNEQFF,11.337428567123371,2,12
CASSGSVETQYF,8.148445666243235,2,12
CASSGSRDINYGYTF,17.294561946147798,2,15
CASSHGQGTRDTQYF,12.588971711626405,2,15
CASSEGEDTEAFF,8.070906088787819,2,13
CASSHSWDSSIYEQYF,15.96905825929619,2,16
CASSGHESNYGYTF,15.807176066743285,2,14
CASSGLAGGGTQYF,10.204702639270494,2,14
CASSLAGRGPDTQYF,12.503128149787596,2,15
CASSLAGGRQFF,8.241703159729818,2,12
CASSLAGGVDTEAFF,13.334269626072327,2,15
CASSLAEASYEQYF,18.083024758977444,2,14
CASSLAETGGAYTDTQYF,20.070221201765243,2,18
CASSLAFTSYEQYF,16.024228829011708,2,14
CASSLALGITDTQYF,15.062972069968165,2,15
CASSLAKGGTEAFF,15.13553289630044,2,14
CASSLAIHTGELFF,12.97684268521344,2,14
CASSLAGRLTGELFF,10.605966060524958,2,15
CASSGQGLLNTEAFF,13.437772478336637,2,15
CASSIRDGGDTQYF,14.39989421698212,2,14
CASSIQRGNTEAFF,14.91936773479476,2,14
CASSIQPSGGTDTQYF,16.09166173317566,2,16
CASSISDNSNQPQHF,11.08367982819666,2,15
CASSIRQGASTDTQYF,14.6034132190568,2,16
CASSIRPTYEQYF,15.520859378820036,2,13
CASSIPGPGIKLFF,18.39199985123546,2,14
CASSIGTGVGSGANVLTF,12.36082600085492,2,18
CASSLAGGRASYEQYF,16.59358955601954,2,16
CASSGLRGPAKNIQYF,17.56158773347894,2,16
CASSGGGTSNQPQHF,14.719773242025488,2,15
CASSGRDRAQETQYF,9.868896107766508,2,15
CASSGGGVSTDTQYF,11.935411557412696,2,15
CASSGGGGLETQYF,12.698057898882295,2,14
CASSGGPGANTEAFF,9.878169744551837,2,15
CASSGGLIYEQYF,12.490002687912224,2,13
CASSGGLAVESSYNEQFF,15.115357746537631,2,18
CASSGGLAVESSYEQYF,14.883078244469942,2,17
CASSGGLVGETQYF,7.536363938404511,2,14
CASSGRDRGEAFF,13.341335038473549,2,13
CASSGRDRDNYGYTF,10.324990038341916,2,15
CASSGPSGTSTDTQYF,15.312547898261068,2,16
CASSGRTWGDTQYF,11.870753743562783,2,14
CASSGRSTSGGDTQYF,9.409846753524238,2,16
CASSGRRGETQYF,11.643286838388928,2,13
CASSGRGPDTQYF,14.871606709529306,2,13
CASSGRGLTDTQYF,14.449843601790135,2,14
CASSGRRGQETQYF,7.566311014772463,2,14
CASSGQEDTEAFF,8.997147151515142,2,13
CASSGPSRWDEQFF,9.340666633651756,2,14
CASSEFGLAGGGDTQYF,11.296583728774948,2,17
CASSEERVGALANYGYTF,15.09840359406948,2,18
CASSEGRFTEAFF,13.792844615290337,2,13
CASSLGGQGASGANVLTF,12.342140817806666,2,18
CASSLDGGRAEAFF,11.211550065386444,2,14
CASSLDGAPGELFF,5.634789603169249,2,14
CASSLAWGTQYF,7.720461694599722,2,12
CASSLEPGGANTGELFF,11.721840266033704,2,17
CASSLGGGQGQETQYF,11.584706446064814,2,16
CASSLGGANNEKLFF,15.710093727854185,2,15
CASSLGGAGEDTQYF,16.465708104297057,2,15
CASSLGGDRGPADTQYF,12.122560593301158,2,17
CASSLGGGGYEQFF,9.524347869595513,2,14
CASSLGGGGNTQYF,12.158682251225637,2,14
CASSLGGGDREKLFF,17.18468854661283,2,15
CASSLGGGANIQYF,16.02227294983738,2,14
CASSLGGGASIQYF,10.442025614868657,2,14
CASSLGGPASYEQYF,13.112288798832733,2,15
CASSLGGTYSSYNEQFF,12.570715759118084,2,17
CASSLGGTGQFF,12.41239551911404,2,12
CASSLGIAVTDTQYF,13.823207857598147,2,15
CASSLGHLYNEQFF,9.343471684579368,2,14
CASSLGGWAEVSYNEQFF,11.974959924566289,2,18
CASSLAWGGSTEAFF,14.248863169559328,2,15
CASSLAVAGAKNIQYF,14.87042867580432,2,16
CASSLAVGGTGELFF,8.147867129923947,2,15
CASSLARASGRETQYF,6.931471805599453,2,16
CASSLELKETQYF,8.533656917446901,2,13
CASSLEIGVNTEAFF,13.808883648423476,2,15
CASSLEALSGDATNEKLFF,16.551074883381325,2,19
CASSLEGGTSNYEQYF,16.516660607682702,2,16
CASSLEGGPYQETQYF,11.137591810641394,2,16
CASSLEGDYNEQFF,7.39018142822643,2,14
CASSLARGDTDTQYF,14.210257093530512,2,15
CASSLASGRLYEQYF,15.73591533565884,2,15
CASSLAPGAVYEQYF,12.427222210173646,2,15
CASSLDGGREAFF,11.25001405084366,2,13
CASSLALQNTGELFF,10.144942423621591,2,15
CASSLAQEAFF,15.531508766032278,2,11
CASSLAPTSVSYNEQFF,7.067319848653476,2,17
CASSLDGTSNEQFF,6.993932975223189,2,14
CASSLDGTGSEAFF,15.258106326910454,2,14
CASSLDGLQRGDTQYF,16.058125240099223,2,16
CASSLDLANNEQFF,8.016317898503415,2,14
CASSLELVGPERSGNTIYF,15.437003515478889,2,19
CASSLGGQNTIYF,12.609455587434011,2,13
CASSLGGPSTGELFF,10.75513309091675,2,15
CASSLVRFEAKNIQYF,13.51435005824001,2,16
CASSLGGRAGNEQFF,7.02197642307216,2,15
CASSPDGVNEKLFF,14.180872857320535,2,14
CASSPDGTSNQPQHF,13.782921248370496,2,15
CASSPGGERDTQYF,11.423831921776271,2,14
CASSPGGATSYEQYF,13.9136385820954,2,15
CASSPGGGLMNTEAFF,17.627437035276348,2,16
CASSPGGLSTEAFF,12.999019911167297,2,14
CASSPFREMNTEAFF,14.769299751536948,2,15
CASSPFGAYEQYF,9.341105441855737,2,13
CASSPFDSTDTQYF,15.791616615558455,2,14
CASSPGAGGLSYEQYF,16.052005419874664,2,16
CASSPAGTGDSYNEQFF,11.422891342266247,2,17
CASSLWQGVTEAFF,14.84377191053586,2,14
CASSLWPSSYNEQFF,11.857408387343598,2,15
CASSLWPSSYEQYF,15.858523564730543,2,14
CASSLWGLEETQYF,9.88659568486591,2,14
CASSLWQSDTQYF,14.049285396347145,2,13
CASSLYLGEAFF,14.510818901528214,2,12
CASSLYETNTGELFF,13.51638054046146,2,15
CASSLYGGLAEAFF,14.977184652963157,2,14
CASSPAPGGPTDTQYF,14.237769850971851,2,16
CASSPARLNTGELFF,10.054920256296338,2,15
CASSPAVLNEKLFF,12.731638102249882,2,14
CASSLEQGVEAFF,16.59906988248249,2,13
CASSLFGAGVEKLFF,9.45798139489078,2,15
CASSLFDRGTEAFF,15.38286422123648,2,14
CASSLFASGGVDTQYF,12.17231935872478,2,16
CASSLFAGELFF,7.927324360309794,2,12
CASSLFLSQTGSYEQYF,11.947152941746044,2,17
CASSLFREDTQYF,10.797123593845477,2,13
CASSLFPGGNTEAFF,14.39982453338742,2,15
CASSLEQLTRSEKLFF,18.495530168305315,2,16
CASSLEPQDTQYF,13.001162507601428,2,13
CASSPAVNSNQPQHF,15.158600401107591,2,15
CASSLEQQARGEQFF,5.19295685089021,2,15
CASSLESGGYYEQYF,14.884185839547069,2,15
CASSLGFGVYEQYF,9.773948181181144,2,14
CASSLGDTHQETQYF,10.368101684497423,2,15
CASSLGAGRVQETQYF,14.529452520530924,2,16
CASSLGAGKSSYNEQFF,15.818894150597536,2,17
CASSPDWTVSDTQYF,7.919356190660617,2,15
CASSLEGRRGTEAFF,16.04616991138673,2,15
CASSLEGNIEAFF,13.044516423963753,2,13
CASSLEGQGAIGEKLFF,17.400860153078835,2,17
CASSLEGQGLFGNTIYF,14.798957756165128,2,17
CASSLGQGYGELFF,6.617402977974478,2,14
CASSLGPPGSDYEQYF,16.797398945607604,2,16
CASSLGPIATNEKLFF,15.618372169703225,2,16
CASSLGPGTDNYGYTF,15.538198045433386,2,16
CASSLGPTGGRYEQYF,16.292959048025924,2,16
CASSLGPYLLAKNIQYF,17.40383722629917,2,17
CASSLGPTYYEQYF,11.054850406589766,2,14
CASSLNRVSSGNTIYF,13.926072920526307,2,16
CASSLNRHTEAFF,12.699756179628906,2,13
CASSLPGPVYEQYF,12.111849874282804,2,14
CASSLMQGSSYNEQFF,12.822198383129836,2,16
CASSLMQGSSYEQYF,16.03511743890467,2,15
CASSLMGSGSSDTQYF,14.212513294325518,2,16
CASSLMDGETQYF,11.884130336393278,2,13
CASSLNQGSQETQYF,9.595602772766828,2,15
CASSLNPSDQETQYF,15.081596945641277,2,15
CASSLNLAAYEQYF,15.350361983774864,2,14
CASSLNILTSGYYEQYF,19.9234644909912,2,17
CASSLNGLATDTQYF,15.39781239498268,2,15
CASSLGQGGDEKLFF,13.823611655286111,2,15
CASSLGLAGITGELFF,12.434768752834028,2,16
CASSLGLAAGTDTQYF,14.06717625787541,2,16
CASSLGTGLRDTQYF,12.724491368615258,2,15
CASSLGSGFEAFF,13.100105498443082,2,13
CASSLGSGAGMNTIYF,17.23362011909036,2,16
CASSLGSDFSYNEQFF,9.582800078470363,2,16
CASSLGRVVAFF,16.86644638586486,2,12
CASSLGRVSSGANVLTF,16.521366353117948,2,17
CASSLGTPGADTQYF,15.438156459612982,2,15
CASSLGTLATNEKLFF,16.42353649875725,2,16
CASSLGTSGVGDTQYF,12.418984026278135,2,16
CASSLGSNYNEQFF,5.662960480135945,2,14
CASSLGIVTEAFF,16.09174181930731,2,13
CASSLGTGGVTDTQYF,15.201625903061752,2,16
CASSLGLGPSGANVLTF,15.168882887521985,2,17
CASSLGLGLTSYNEQFF,10.04063739068336,2,17
CASSLGLDRTDTQYF,15.111372424010575,2,15
CASSLGMAEAFF,14.62602113058699,2,12
CASSLGLAMGDTQYF,14.697913531171071,2,15
CASSLGLAGAYTGELFF,9.000359807188254,2,17
CASSLGKIYEQYF,14.711761834500702,2,13
CASSLQGFSSYEQYF,9.06184036365774,2,15
CASSLQGAVADTQYF,12.100484326149273,2,15
CASSLQGQTNTGELFF,15.365679878757298,2,16
CASSLLFGDTQYF,10.832733995570498,2,13
CASSLLAGPGGDTQYF,7.752335163302291,2,16
CASSLLPPGTGARAFF,14.674509408268529,2,16
CASSLLPGSEAFF,14.129273303594683,2,13
CASSLLLVASGSTDTQYF,13.962576198068302,2,18
CASSLLGTGGGETQYF,15.030108119132382,2,16
CASSLLLAGSDTQYF,16.793708652347014,2,15
CASSLLTGAMNTEAFF,17.564495911145965,2,16
CASSLLSGAGEKLFF,15.795702043710666,2,15
CASSLLFGDTGELFF,13.233457424909917,2,15
CASSLIEGPEAFF,11.410072912852174,2,13
CASSLLDSTEAFF,13.409876435574,2,13
CASSLLAGVSSYNEQFF,14.902255372567328,2,17
CASSLLGQGGNTEAFF,16.32131090628037,2,16
CASSLLGGRDEKLFF,16.573692308890067,2,15
CASSLDRTVSYEQYF,15.08555027733853,2,15
CASSLDTRVPGVDTQYF,11.560572118437582,2,17
CASSLDRARTYEQYF,17.25478357435065,2,15
CASSLDQGIQETQYF,7.796469243086057,2,15
CASSLIAGGPRDTQYF,10.176106747310865,2,16
CASSLIGRDTQYF,13.078380141421404,2,13
CASSLPTAANYGYTF,12.065292184641088,2,15
CASSLKSGRTDTQYF,14.064817639538852,2,15
CASSLPPGSTEAFF,14.66984077611561,2,14
CASSLPPGAGDTQYF,12.577015319599916,2,15
CASSLPTSRPSDTQYF,11.945357021308208,2,16
CASSLPTSASTDTQYF,21.312011092253904,2,16
CASSLQEMYNEQFF,10.481476374958136,2,14
CASSLQASGETQYF,12.285364302004584,2,14
CASSLPYGGGMNTEAFF,9.660778845727078,2,17
CASSLLTSGTGELFF,12.398402287285071,2,15
CASSLKATEAFF,16.31758433903399,2,12
CASSLIGTRADTQYF,9.929739923680192,2,15
CASSLISLGEKLFF,16.320779155723663,2,14
CASSLKTNHQETQYF,11.960530099272486,2,15
CASSLLAADYEQYF,17.276752722780678,2,14
CASSLHGDSNQPQHF,9.644975857384129,2,15
CASSLGYLSYNEQFF,8.830543010616596,2,15
CASSLIQNYEQYF,13.515059305434274,2,13
CASSLIQGARGTEAFF,13.919978675553365,2,16
CASSLIPTGDMNTEAFF,17.114735012937743,2,17
CASSLVSYEQFF,7.095893221097532,2,12
CASSLWEGTGELFF,11.218071066102018,2,14
CASSEGPGGGTQYF,12.39999333816748,2,14
CASRRGTVYEQYF,12.67872900317866,2,13
CASSAGQGARKEKLFF,17.794468959728245,2,16
CASRWGEKLFF,15.350790281599204,2,11
CASRWTGGYEQFF,8.684401110400144,2,13
CASRYTGTNYEQYF,13.899513413889448,2,14
CASRYRDRGDTQYF,14.448555761355273,2,14
CASSARDRGSEAFF,13.698583405934984,2,14
CASSARTAPNEKLFF,17.11692738255858,2,15
CASSARSATNEKLFF,17.20055552220088,2,15
CASSARPGTGSGNTIYF,16.93810999239696,2,17
CASSARLGLAGADTQYF,16.20175918015412,2,17
CASSARDVNTEAFF,15.774486406377337,2,14
CASSAIVGDTQYF,11.735556885167682,2,13
CASSAIGLAGVDTQYF,11.5466309974354,2,16
CASSAGVGGTEAFF,13.09928306436023,2,14
CASSAGTSGTPYEQYF,15.061816726116271,2,16
CASSAGTRADTQYF,12.771869292540678,2,14
CASRRREGDTEAFF,8.826441041782578,2,14
CASRRQGGGEKLFF,8.677269139262872,2,14
CASRVGYSNQPQHF,15.488246222099812,2,14
CASRVGQGSTEAFF,17.036611106299027,2,14
CASRVGSAYEQYF,16.188093244209945,2,13
CASSLSVINEQFF,8.446770727119691,2,13
CASSLVGQVHIDTQYF,13.959544233049044,2,16
CASSLTEKAFF,16.787485344062066,2,11
CASSLTDITAKNIQYF,16.078980948185738,2,16
CASSLTGDRGYEQYF,13.694599760958134,2,15
CASSLTAQGRTEKLFF,11.43235511811962,2,16
CASSLSSFNEKLFF,16.536042668247973,2,14
CASSLSSDLSTDTQYF,13.617756937033471,2,16
CASSLSRNIQYF,11.09631851644322,2,12
CASSLTSGASTGELFF,11.058716441623131,2,16
CASRVHSGDTQYF,13.991240437308834,2,13
CASSLTGLAGGSSYNEQFF,13.776883028842551,2,19
CASSLTGGWGTDTQYF,15.003619798686042,2,16
CASSLTGPNYEQYF,14.913949498275093,2,14
CASSAGPSNTEAFF,14.58462615754435,2,14
CASSAGGVKGSHLSGNTIYF,13.942337022713648,2,20
CASSAGGTGETQYF,14.34470484020795,2,14
CASRVTGFYEQYF,7.09506437728713,2,13
CASRVTEGDTQYF,11.593325032038798,2,13
CASRRTRSAYEQYF,15.361173817439209,2,14
CASRRDNNEKLFF,15.354889888386497,2,13
CASSLWEGAGGTIYF,16.630142808348236,2,15
CASRRAGGIDTQYF,15.318262409927408,2,14
CASSEATGNQETQYF,13.099319904235715,2,15
CASSEEVTGAKNIQYF,17.592673379744586,2,16
CASSGDREDTEAFF,14.072907119185484,2,14
CASSEEQGADTQYF,9.643615180723614,2,14
CASSEEGGPNTGELFF,15.449097520651357,2,16
CASSEEGGAYEQYF,13.324404224688717,2,14
CASSEEDGTYEQYF,15.636450440701784,2,14
CASSEEASGFYSTDTQYF,15.305301047852332,2,18
CASSDWTGTEAFF,12.80902155817197,2,13
CASSDVGSWQADTQYF,13.703067240603374,2,16
CASSEADEAFF,13.703183610750088,2,11
CASSDVGGGLDTQYF,12.77922497116392,2,15
CASSEEVVRETQYF,9.578103612900335,2,14
CASSEARGGNEQFF,8.925055424124123,2,14
CASSEAQGRTEAFF,14.854461302574316,2,14
CASSEAGLAGGILRDYEQYF,15.255492594651871,2,20
CASSEAGRNTGELFF,8.401333305321703,2,15
CASSEFGGYSNQPQHF,10.254144424149295,2,16
CASSEFGTGGADTQYF,13.180594548967232,2,16
CASSEAVDSYEQYF,14.799900962542086,2,14
CASSEAVSGNTIYF,17.11914788408207,2,14
CASSEAWGLSSRGNTIYF,15.59881605956242,2,18
CASRTQGAGGANVLTF,16.03146725516748,2,16
CASRQTRMNTEAFF,9.98594273247232,2,14
CASRRDAGNTIYF,16.74131037590322,2,13
CASRRGGQMNTEAFF,12.198161434258838,2,15
CASRREFNYGYTF,12.909788777439353,2,13
CASRTGTGSSGANVLTF,14.783387541309864,2,17
CASRTGSHMNTEAFF,13.797982841096058,2,15
CASRTTDSYNEQFF,13.52470895817607,2,14
CASRTSSGANTGELFF,15.048269050221906,2,16
CASRTPTGYNEKLFF,18.713731218214512,2,15
CASSEDPYNEQFF,9.513772754519197,2,13
CASRTPTGSDEKLFF,17.968909285952584,2,15
CASRSGTHPNEKLFF,16.118394306356358,2,15
CASRSGTGIDTQYF,9.992733930050322,2,14
CASRSPTGAEYEQYF,10.8730156877927,2,15
CASRSQGSTEAFF,14.51543323293324,2,13
CASRSQGGHSNQPQHF,11.365063304227844,2,16
CASSASGGANEKLFF,15.687575777190276,2,15
CASSEDRAADTQYF,13.9959136089356,2,14
CASSLVGRGGEKLFF,15.934822601638889,2,15
CASSLVGRGSNQPQHF,17.068464356278255,2,16
CASSLVGSYSYEQYF,16.879937998695688,2,15
CASSLVGTIGGSGTEAFF,17.79560242678201,2,18
CASSPHRSGPNTGELFF,11.9480270422067,2,17
CASSPGTSHEKLFF,15.351982000329327,2,14
CASSPGTGPGYEQYF,17.356220604557734,2,15
CASSPGTPGYEQYF,15.201377327679989,2,14
CASSPIQGEAFF,10.214385538037911,2,12
CASSPLRDSSYEQYF,15.405366794690591,2,15
CASSPLSRTNTGELFF,16.642554616937254,2,16
CASSPNNRELFF,11.087864608165033,2,12
CASSPLGSLYEQYF,12.887250984413988,2,14
CASSPLAGSKDTQYF,11.912667561175295,2,15
CASSPLAGGGSTEAFF,6.2766434893416445,2,16
CASSPLAAGETQYF,13.342526491625158,2,14
CASSPKTGGTEAFF,13.051769224550403,2,14
CASSPKRVGSYNEQFF,8.469891918298224,2,16
CASSPKDSSYNSPLHF,17.244347425429847,2,16
CASSPLGQGGSYEQYF,15.465337731302942,2,16
CASSPLGQANLYEQYF,10.340128278112742,2,16
CASSPLEGTQYF,11.036855472494512,2,12
CASSPLEGGGTEAFF,13.4890765691235,2,15
CASSPHTTDTQYF,14.024524352780675,2,13
CASSPIGGFYNEQFF,9.563739957780994,2,15
CASSPGTSRGTDTQYF,8.016317898503415,2,16
CASSPAGGWETQYF,12.318776135443258,2,14
CASSLVVGGRETQYF,10.491218660339424,2,15
CASSNTGSNQPQHF,8.392989587956931,2,14
CASSNVDTQYF,11.552847854967649,2,11
CASSNSGLYEQYF,13.806410275717395,2,13
CASSNQGGNTIYF,17.43553820207019,2,13
CASSPAGTGDSYEQYF,14.471454189526677,2,16
CASSPAAAGSSYNEQFF,14.96742567056228,2,17
CASSPADSGEKLFF,16.933035816570328,2,14
CASSPGGQGHEKLFF,17.176367704041702,2,15
CASSMRPGQGNYEQYF,17.42031884479627,2,16
CASSMAQETQYF,12.018814925905271,2,12
CASSLYTRGDTQYF,6.444131256700441,2,14
CASSLYSLSGNTIYF,16.618327397239423,2,15
CASSLYRRGGTEAFF,15.468101442079265,2,15
CASSMGKNTEAFF,14.202495963325568,2,13
CASSNDRGGGNTIYF,17.129987574834097,2,15
CASSMTQDQETQYF,14.642339494843554,2,14
CASSMTGETNEKLFF,18.663456711999327,2,15
CASSPGLAYTGELFF,8.320448113956559,2,15
CASSPGHGGANVLTF,15.4299925277253,2,15
CASSPGGWDTQYF,12.18872300719506,2,13
CASSLVAGTTYEQYF,15.959885542789715,2,15
CASSLRSQGDTQYF,11.16021408429793,2,14
CASSLRSGEQFF,12.518248530325062,2,12
CASSLRRGVTDTQYF,12.73913909823206,2,15
CASSLRRDAYEQYF,11.01402841206951,2,14
CASSLRRASGDTQYF,13.988497011280549,2,15
CASSLRGRGDEKLFF,13.764697148413576,2,15
CASSLRLAGKPNYEQYF,10.675607637965363,2,17
CASSLRLAATGELFF,8.469682208745185,2,15
CASSLVAGQGNTIYF,17.105923854077673,2,15
CASSLQRGSNYGYTF,11.31325426984116,2,15
CASSLVGFEQFF,11.337428567123371,2,12
CASSLVEGAGTEAFF,12.505013598251368,2,15
CAGEKGRVSNQPQHF,17.05517840287114,2,15
CASSLTTGSNEKLFF,9.524786081697178,2,15
CASSLTTGGLETQYF,7.017506142941256,2,15
CASSLTSGPSSYNEQFF,12.555200179288049,2,17
CASSLVLGAGELFF,5.342334251964811,2,14
CASSLVMQGTDTQYF,14.128026696416056,2,15
CASSLRDRDPYEQYF,15.439962592256876,2,15
CASSLQVLGEKLFF,17.244058480209222,2,14
CASSPGQTTGELFF,9.772809228894012,2,14
CASSLRVASSYNEQFF,11.721564330081556,2,16
CASSPGSRNTEAFF,11.868275531646546,2,14
CASSPGQGASSYEQYF,16.09685485399173,2,16
CASSLSEVTYEQYF,13.725973083985616,2,14
CASSLSEINTEAFF,13.483065401758976,2,14
CASSLSGGRASDTQYF,12.00647470779098,2,16
CASSLSGGQSTSGYTGELFF,7.162397497355718,2,20
CASSLSGGEEKLFF,15.582939765611568,2,14
CASSLSGIGELFF,7.409136443920127,2,13
CASSLSLGQLNTEAFF,10.990836648925526,2,16
CASSLQVPRETLNTEAFF,15.09141399432983,2,18
CASSLSPTGARGEKLFF,24.602573375863063,2,17
CASSLSGRGRYEQYF,10.466298231368071,2,15
CASSLSGPTGDTQYF,14.694010945220157,2,15
CASSLSGTSDQETQYF,15.721544098814167,2,16
CASSLRGAAETQYF,9.230142999272363,2,14
CASSLRFNEQFF,9.515764125904122,2,12
CASSLREEAYEQYF,16.36990735557685,2,14
CASSLRGDSEKLFF,14.561650962212877,2,14
CASSGAGAYNEQFF,9.091556835986216,2,14
CASSFRDRDSGDTQYF,12.908922601551506,2,16
CASSGAGAITDTQYF,9.748586591318166,2,15
CASTGTEGEKLFF,16.2542127851698,2,13
CATLPGHPFSNQPQHF,14.290024002687838,2,16
CATLGDRRSTYEQYF,10.30253209284137,2,15
CATRGGAGAYEQYF,9.3640909717821,2,14
CASTSDFEGDTQYF,18.654332743610524,2,14
CASTRTSVTDTQYF,13.23286664640781,2,14
CASTRTGTGNTIYF,15.904677652761409,2,14
CASTSGSSGNTDTQYF,11.659490302052063,2,16
CASTRTGTGELFF,9.311994025702685,2,13
CASTRSGSYNEQFF,13.470704894595633,2,14
CASTRRLNTEAFF,12.305963228344968,2,13
CASTRQGWYEQYF,13.914830868254825,2,13
CASVGQSSYEQYF,15.874938660128596,2,13
CASVERAGVYNEQFF,6.984716320118265,2,15
CASTYDSSYNEQFF,13.49566886407089,2,14
CASTYDSSYEQYF,16.847980994538553,2,13
CASTWQGRSGANVLTF,15.042442180043654,2,16
CASTVAGTDTQYF,13.441328977495584,2,13
CASTTGGTYNEQFF,10.557893904779643,2,14
CASTSWGANTEAFF,14.2274188640193,2,14
CATLRGNTEAFF,13.963697777369363,2,12
CATQGQGNTEAFF,16.48643131368763,2,13
CATRGASSYEQYF,13.854794730642418,2,13
CASVPDLNTEAFF,14.803947052403185,2,13
CATGRRYSNTGELFF,14.721409481548436,2,15
CATGRGANTEAFF,13.434819522543153,2,13
CATGGNYEQYF,15.977036567659512,2,11
CATGGIANYGYTF,10.67690049281473,2,13
CASYRDSGNTIYF,16.085338960919767,2,13
CASWVSTDTQYF,14.486908938662165,2,12
CASVSQPRNSNQPQHF,16.499899014948582,2,16
CASVRGENTEAFF,14.060997819013764,2,13
CATGGDSGANVLTF,14.514453411120796,2,14
CATRGASSYNEQFF,10.079874869841891,2,14
CASVKEFGYEQYF,15.736964066585596,2,13
CATHPGRTNTGELFF,15.172515902947076,2,15
CATKGGTEAFF,16.88078913649931,2,11
CATRGQLYEQYF,10.720399840430003,2,12
CATRGQGSYNEQFF,10.980109823312622,2,14
CATRGNSYEQYF,12.896561295326784,2,12
CATKFHPNTGELFF,16.07461408123453,2,14
CATRGGVMNTEAFF,16.866746883211043,2,14
CASTSSGASYNEQFF,12.519031306366728,2,15
CASSYSQGKGSYNEQFF,12.677428485127272,2,17
CASSYTQEKLFF,17.36989318214045,2,12
CASSYSPTRTDTQYF,16.720891337087252,2,15
CASSYYGTSGNQETQYF,12.83192551123875,2,17
CASSYWGTQYF,10.816613281067127,2,11
CASSYWDTEAFF,10.251323547807656,2,12
CASTFQGGILNTEAFF,15.434953453223445,2,16
CASTGAGGPDTQYF,10.588804153980885,2,14
CASTGQGTEAFF,15.466325510852132,2,12
CASTGQGLNEQFF,14.049950069020335,2,13
CASTGQASNQPQHF,10.135789041635103,2,14
CASTGPPAKTQYF,8.435332164935918,2,13
CASTGGRRNTEAFF,14.041217221697634,2,14
CASTGFSSYNEQFF,11.273144272502996,2,14
CASSYVSPNTGELFF,17.559057253300505,2,15
CASSYVPGGGDTQYF,14.529324698059998,2,15
CASSYVIGGADTQYF,14.31836670968024,2,15
CASSYSTSGAYSTDTQYF,13.44470191651176,2,18
CASSYSVTGGLSDTQYF,13.058692746207972,2,17
CASSYSSWLDTQYF,9.111845125227084,2,14
CASSYSWQGADTQYF,9.257987025443535,2,15
CASSYVDWGADTQYF,11.29110603661815,2,15
CASTATSGSYNEQFF,6.313548046277095,2,15
CASTEWGTDTQYF,9.816076095525158,2,13
CASTESYRGSYNEQFF,6.799055862058797,2,16
CASSYSRQGTAKNIQYF,14.160743592198976,2,17
CASSYSPPPDTQYF,15.817782136685336,2,14
CASSYSNSASDTQYF,13.750254979802753,2,15
CASSYSLRANTGELFF,15.34491082937867,2,16
CASSYSLATNEKLFF,14.38928450166784,2,15
CASSYSKTGANTGELFF,16.05258641883325,2,17
CASSYSSGLSLFF,15.910835291271647,2,13
CASSYSSGGRDTQYF,15.336747440597826,2,15
CASSYSRTATNEKLFF,15.918191461655251,2,16
CASSYSIPGSSPGDTQYF,6.579251212010101,2,18
CASTETGARDTQYF,11.304227078087514,2,14
CASSYSGLAGQETQYF,8.559102594493448,2,16
CASSYSGHRANTEAFF,15.616184838581884,2,16
CASSYSIPASSGANTGELFF,15.704258797375209,2,20
CASSYSIGRSYNEQFF,13.20144069616298,2,16
CASSYSGTSGSIADTQYF,11.636337074885429,2,18
CASSYSGLSGDTQYF,8.199738960630786,2,15
CASSYSGQGSYNSPLHF,14.071043852080134,2,17
CASTETGGADTQYF,7.967626739333816,2,14
CASTLTRNTEAFF,11.403356104538346,2,13
CASTLGQLNEKLFF,11.091894840320451,2,14
CASTLVGANTGELFF,16.25234346189395,2,15
CASTMTGNSYNEQFF,15.918585370842663,2,15
CASSYRRESSYNEQFF,12.652270144144271,2,16
CASSYRQGPNTEAFF,10.341129392339514,2,15
CASSYRPGSGNTIYF,12.52132124569976,2,15
CASSYRTSVYEQYF,8.931948346431493,2,14
CASSYSATGGLGNEQFF,8.050384453067021,2,17
CASSYSAAGGSYNEQFF,7.664815785285736,2,17
CASSYRGSSSYNSPLHF,14.912291838025428,2,17
CASSYRAGGTSYNEQFF,9.956080002655298,2,17
CASSYQSSGTYEQYF,14.870825916985249,2,15
CASSYQQGANEKLFF,16.489647345251484,2,15
CASSYPHTGELFF,9.298351249298896,2,13
CASSYRGPVDTQYF,12.353647465994293,2,14
CASSYRGGGGDTQYF,10.9976064275919,2,15
CASSWGQGGDIQYF,13.863677670934756,2,14
CASSWGPPYEQYF,15.462737389793231,2,13
CASSWGGALSGANVLTF,11.469004924912092,2,17
CASSWRGLKTQYF,9.662689065983198,2,13
CASSWQTYEQYF,15.234704493948696,2,12
CASSWQGAKNIQYF,15.674284543023605,2,14
CASSYRSHNEQFF,8.266678443305896,2,13
CASSYRTGSEAFF,12.870326402435136,2,13
CASSYRTGSSNQPQHF,13.438354442284426,2,16
CASSYPAREDEKLFF,18.03879238218489,2,15
CSARNTNTGELFF,14.606516939539109,2,13
CSARLRGGISNQPQHF,16.224533326271327,2,16
CSARRGLTNEKLFF,15.47546780535658,2,14
CATRRAEYEQYF,9.871377498617894,2,12
CASSYKGGSGGNYGYTF,15.67428189333882,2,17
CASSYGYSNYGYTF,18.35724284357616,2,14
CASSYGVKQETQYF,9.720705889909716,2,14
CASSYGTSELDTQYF,9.739438040529622,2,15
CASSYNRVSSYNEQFF,14.554166333754983,2,16
CASSYPGHRRDTQYF,11.47378954822163,2,15
CASSYNPTFLGDTQYF,14.848096997748838,2,16
CASSYLRPYEQYF,15.201147202836246,2,13
CASSYLGVRADTQYF,14.35394356663179,2,15
CASSYPGFTDTQYF,14.217106858545108,2,14
CASSYGTGVLSDTQYF,14.36296584871302,2,16
CASSYGNRAGVEAFF,10.68601829423076,2,15
CASSYGTGGDEQFF,13.277382251670277,2,14
CASSYGSGVGNTIYF,15.704013270579445,2,15
CASSWPALQQGRVSGANVLTF,15.953087744171906,2,21
CASSWGRGTSDTQYF,8.991313336173812,2,15
CASSVWVGLASYNEQFF,14.415010026054969,2,17
CASTLDRTTDTQYF,17.48396682127232,2,14
CASTRDRVTEAFF,17.58034791134685,2,13
CASTRDKNTEAFF,15.102876451163366,2,13
CASTQQRGGGDTQYF,15.477540161503974,2,15
CASTQGHSNQPQHF,5.934894195619588,2,14
CASTQAGQLNYGYTF,12.647213730090808,2,15
CASTPWGNSNEKLFF,15.95154460338714,2,15
CASTQLAGGDTQYF,14.989305764634269,2,14
CASTLEGTEAFF,13.141989518539509,2,12
CASTKGLAGGLDTQYF,15.653557061143644,2,16
CASTPGGSSNQPQHF,18.75663795511359,2,15
CASTGTSSGANVLTF,14.632485136827238,2,15
CASTKAGGSTYEQYF,15.051856646760244,2,15
CASTLGGGEQFF,5.85793315448346,2,12
CASTPDRGSNQPQHF,9.979336864819564,2,15
CASTPDPSSYNEQFF,10.895850041361529,2,15
CASTPAGGKADTQYF,14.156722970749444,2,15
CASTNWGGRDTQYF,15.132240455698255,2,14
CASTNREKLFF,15.69113449953408,2,11
CASTRDWSSYNEQFF,14.555319925870418,2,15
CASTPLEGANVLTF,21.35096687820801,2,14
CASSVWVGLASYEQYF,17.725460095242298,2,16
CASSYFGHGSSYNEQFF,17.40018865766666,2,17
CASSVWPGAPNTEAFF,12.787908304938853,2,16
CASSVVRANTEAFF,15.588383799873396,2,14
CASSVVGGPDTQYF,13.415264307895,2,14
CASSVVGELDTQYF,18.37413004879924,2,14
CASSVVGAGGITDTQYF,13.19061997791031,2,17
CASSVVGAADTQYF,14.460848892704398,2,14
CASSVVGLPYAPYSNQPQHF,16.201335549856978,2,20
CASSYFLGTDFSINEQFF,7.365812837209472,2,18
CASSYFGAYEQYF,15.925197559286376,2,13
CASTPRGSNYGYTF,16.167290685537616,2,14
CASSYGGGSYNSPLHF,15.47049681411297,2,16
CASSYGGDGNTIYF,15.487680611012578,2,14
CASSYGDSNTEAFF,14.203132078604042,2,14
CASSYGDKNTGAFF,7.447751280047908,2,14
CASSYARNTGELFF,8.952605375892354,2,14
CASSYAGRSYNEQFF,7.8724551500639794,2,15
CASTPSAGGLDTQYF,14.461459207035212,2,15
CASTPRTRATQYF,11.551347782567504,2,13
CASSYTRTGAGKADTQYF,8.220672170297252,2,18
CASSRETGGAYEQYF,15.910340587179512,2,15
CSARPENQETQYF,8.235890725928495,2,13
CASSPPAGESYEQYF,13.917377377767826,2,15
CASSPPGVREKLFF,14.043759454795632,2,14
CASSQGIAGGSTDTQYF,15.72759767442869,2,17
CASSPVTSRSSYNEQFF,12.910535560988444,2,17
CASSPVPLSRDTQYF,11.407709383325752,2,15
CASSPVPGSGNTIYF,16.844845678586168,2,15
CASSPWGTGPYEQYF,13.14589629341625,2,15
CASSPWAGSTDTQYF,13.195240163387876,2,15
CASSPPSSEAFF,13.000222861706488,2,12
CASSPVANSYNEQFF,10.1506600816497,2,15
CASSPPSGGGYEQYF,12.07340944734434,2,15
CASSPVGVSTDTQYF,16.46234733477322,2,15
CASSPTGLGELFF,8.11969625295725,2,13
CASSQGHPSYEQYF,16.47773376038272,2,14
CASSQGPGVEAFF,15.14812878799482,2,13
CASSPTLAGEYEQYF,9.029897050194002,2,15
CASSRDYGGETQYF,9.429957713513836,2,14
CASSPPDRPNYGYTF,11.303869712973636,2,15
CASSPTNGETQYF,5.509388336627977,2,13
CASSRERQGRYEQYF,16.915288067574984,2,15
CASSPPQVTYEQYF,11.401781591223337,2,14
CASSPPRGPGTEAFF,14.111164520296406,2,15
CASSPPLAADTQYF,12.716690247661164,2,14
CASSQEVANYGYTF,16.61403745821906,2,14
CASSPRGGQGETQYF,8.798454696065097,2,15
CASSQLGQNQETQYF,10.84778248081988,2,15
CASSQLSSYNSPLHF,16.67857826309307,2,15
CASSQERWYEQYF,9.412464556066318,2,13
CASSPRGGTTNEKLFF,16.584415252499632,2,16
CASSQSAAGTFYEQYF,16.750965618098544,2,16
CASSQDSRSNQPQHF,8.590257762273243,2,15
CASSQSRVDTQYF,14.38479261943928,2,13
CASSQEVGQNIQYF,12.410905575952889,2,14
CASSRDRVGSGANVLTF,15.89688273476818,2,17
CASSPSLSTEAFF,18.117263534339244,2,13
CASSPRGDDTDTQYF,13.314381107343577,2,15
CASSQLGQIQETQYF,11.48210536763034,2,15
CASSPSLAGKGDTQYF,7.773173680482536,2,16
CASSQDRVVAYEQYF,14.602266471688786,2,15
CASSPTGNLNEKLFF,12.258271279973712,2,15
CASSPTVGLQETQYF,10.884441797736006,2,15
CASSPPLGPNTGELFF,13.61645089742153,2,16
CASSPNWRTEAFF,11.153532544964447,2,13
CASSQGNGNQETQYF,12.37328056451408,2,15
CACRSGSTDTQYF,13.333686947157233,2,13
CASSREGTSYNEQFF,11.301216291281682,2,15
CASSQADLFSYNEQFF,15.93406030646879,2,16
CASSPQFYEQYF,15.597983036280567,2,12
CASSQASGSSDTQYF,13.397997665885237,2,15
CASSQAQGTGELFF,8.920789888464373,2,14
CASSQAGTGELFF,6.173786103901937,2,13
CASSPYQSTDTQYF,20.4691335758725,2,14
CASSPPVSSDYEQYF,9.939626599152,2,15
CASSPRTPNYEQYF,15.24476861851628,2,14
CASSQGQTGRNTIYF,15.885396086037677,2,15
CASSQGGSGRTDTQYF,16.45256488290435,2,16
CASSQGSTSYEQYF,13.361632214640034,2,14
CASSQAARSSTDTQYF,15.08251449789284,2,16
CASSPQGALGTGELFF,8.484669999710679,2,16
CASSPQGHSTDTQYF,15.338004872929844,2,15
CASSPQGQGEKLFF,10.629174524663854,2,14
CASSPPVPNYGYTF,14.899365152235152,2,14
CASSPWTDSNYGYTF,12.376979299508829,2,15
CASSQAAGEETQYF,10.08079656750654,2,14
CASSRASGANTGELFF,11.655622226980917,2,16
CASSPRVAGETQYF,12.678083633682238,2,14
CASSQGTEMNTEAFF,18.515315022659728,2,15
CASSQGQVQETQYF,12.612320780326243,2,14
CASSPTRAGGNQETQYF,14.957121031531752,2,17
CASSPTSGLAYEQYF,17.536304653654696,2,15
CASSPTGRGQETQYF,11.03921898864007,2,15
CASSPTSGGAGELFF,5.442417710521793,2,15
CASSQGLAGVHEQFF,7.539027055823995,2,15
CASSPTGSAWRGSSYNEQFF,15.521388012233256,2,20
CASSPRTGAGTEAFF,14.313829498190056,2,15
CASSPPGRGRNTEAFF,15.949079898026923,2,16
CASSPPGLQSSGANVLTF,10.45097292066472,2,18
CASSQGPSGGSYEQYF,14.680859512608851,2,16
CASSPRRAEETQYF,9.828979500361068,2,14
CASSPRSGVSNQPQHF,12.956488233880512,2,16
CASSQALTSGSTDTQYF,14.7578900006008,2,17
CASSQAGSGSNQPQHF,7.454719949364001,2,16
CASSPQGGAGELFF,9.837347750031585,2,14
CASSQAGTTTNEKLFF,18.51940327687001,2,16
CASSQAGGGKYEQYF,14.524618190186189,2,15
CASSQAGRGSNQPQHF,11.416612782828311,2,16
CASSQGGLATYEQYF,16.93438512510744,2,15
CASSQLPSSYNEQFF,11.712988703240342,2,15
CASSQDSGSRSYNEQFF,12.651463346510656,2,17
CASSQTGTGRETQYF,11.138333828527516,2,15
CASSQEWTSSYNEQFF,10.159059571069676,2,16
CASSQDRDTYEQYF,16.23348346480428,2,14
CASSQVDRTDTQYF,14.944702486864776,2,14
CASSPRDSSNYGYTF,17.636596856000274,2,15
CASSPRQAGNTEAFF,13.85776800173412,2,15
CASSPSSGSQETQYF,10.50138955117934,2,15
CASSQDPGTGTYEQYF,17.94985610577101,2,16
CASSQGWVGNTIYF,14.275889896949831,2,14
CASSQDMGSSYNSPLHF,16.43407359256495,2,17
CASSQDGGRSGANVLTF,15.39909964965689,2,17
CASSPQGVGVGVDTQYF,10.441091417334723,2,17
CASSQDGLAGVETQYF,11.36590927404357,2,16
CASSQGTGPTNYGYTF,16.979629201372177,2,16
CASSQDGSGDTGDTQYF,13.629050850824449,2,17
CASSQASVSYNEQFF,8.250097752572845,2,15
CASSPQGRTNTEAFF,10.835159386448584,2,15
CASSPRVAGGSYEQYF,16.46364655151274,2,16
CASSPQGTGETQYF,13.797021687311798,2,14
CASSQGGAALPSYNEQFF,16.435230112222946,2,18
CASSRAGGSTYEQYF,11.757579987451493,2,15
CASSQKGRGPYEQYF,15.10565408602989,2,15
CASSPSRTTYEQYF,15.437253057517196,2,14
CASSPSRVTNEKLFF,9.545454543987823,2,15
CASSQDNRRETQYF,12.00664562083328,2,14
CASSQVGSGTEAFF,15.661702024029172,2,14
CASSQVGSVGLAYEQYF,7.756623334538857,2,17
CASSQGAGRSSYNEQFF,15.511313305091235,2,17
CASSQDPGQMNTEAFF,14.853679750005922,2,16
CASSPRQGAGELFF,6.933423025730715,2,14
CASSQVGAQGVDTQYF,15.252652489151387,2,16
CASSQVGDRAEAFF,16.22994109394795,2,14
CASSQVLRGGTNEQFF,5.231108616854587,2,16
CASSPRQGGGQIDTQYF,13.54567364265788,2,17
CASSQDQGEAFF,14.838026231772185,2,12
CASSQVERETQYF,9.59315078951954,2,13
CASSQGTRSGYEQYF,14.862458957267208,2,15
CASSQVGTVADTQYF,13.487908861511247,2,15
CASSPSTQAGVADTQYF,16.053313900242834,2,17
CASSPSTSGVSYNEQFF,8.312626025674962,2,17
CASSQIPGTSGTEAFF,15.750455667237686,2,16
CASSPRDTEKLFF,16.25819710091165,2,13
CASSPSSGGAGETQYF,9.310638093291546,2,16
CASSPTDYYEQYF,10.65876410456162,2,13
CASSQDLRAFF,9.619930294661298,2,11
CASSPRQGKYEQYF,11.403367262450702,2,14
CASSQQPGHQETQYF,13.027586655286148,2,15
CASSQRSPSYNEQFF,11.95123200747271,2,15
CASSQQGAITEAFF,13.112519080929316,2,14
CASSQPSGPTSYNEQFF,10.325219633108164,2,17
CASSQPSGPTSYEQYF,14.138345224212106,2,16
CASSQPRTGNTEAFF,12.153135896146813,2,15
CASSQELAGVAGANVLTF,13.886379002796714,2,18
CASSQEPGLAAYEQYF,15.573144657367788,2,16
CASSQPGTGEAFF,10.96023563710554,2,13
CASSQQPGQQETQYF,10.006179510759674,2,15
CASSQEEGANYGYTF,7.534762657037538,2,15
CASSQDRLKLFF,14.627697761618556,2,12
CASSQTGHETQYF,11.100949205246406,2,13
CASSQTEGTQYF,7.185387015580417,2,12
CASSQKQGFYEQYF,10.581343414527115,2,14
CASSPRPASSYEQYF,15.041113730015455,2,15
CASSQDRGLSVGSGANVLTF,11.19861190151753,2,20
CASSQTGVSSGANVLTF,13.90752805009013,2,17
CASSPRFTGAGDTQYF,12.786053927532636,2,16
CASSQRRQGSYEQYF,11.98025677675416,2,15
CASSPRLAGVTYEQYF,16.097961920853656,2,16
CASSQGDPSTDTQYF,15.837028451910909,2,15
CASSPRGQISGNTIYF,18.27786522114229,2,16
CASSPSFTGIGEAFF,12.008937913397014,2,15
CASSQVSPNTGELFF,15.56930955959592,2,15
CASSQDLWYEQYF,11.548389129245797,2,13
CASSQDLTVYEQYF,16.304211998417756,2,14
CASSQDGTSGGPYEQYF,15.769595204588043,2,17
CASSQGDTNYGYTF,14.617125970226317,2,14
CASSQYREAFF,14.469403264801056,2,11
CASSQDLGFPYEQYF,16.98984180140865,2,15
CASSQRLVADTQYF,14.227620208791109,2,14
CASSPSGRGEETQYF,13.129080765151851,2,15
CASSQRQGASGANVLTF,15.050138650549826,2,17
CASSQERGGTQYF,12.633116580335772,2,13
CASSQEDRVTDTQYF,15.881143067318924,2,15
CASSPSGQGDTGELFF,8.8065738205036,2,16
CASSQEDLAGLRDTQYF,13.963582226558357,2,17
CASSQMWGAGDTQYF,6.393590753950631,2,15
CASSQRGHTGELFF,15.294741830367846,2,14
CASSQRRNTGELFF,9.761635928295886,2,14
CSARPEIQETQYF,11.178459215011753,2,13
CSARPTGVNTEAFF,13.385112183310898,2,14
CASSFTGGYNEQFF,10.993059096552088,2,14
CASSRLQGETQYF,11.44699931485406,2,13
CASSSAGGRFRYTNTEAFF,15.13714772423848,2,19
CASSSAGGLTDTQYF,17.217566770725398,2,15
CASSRTGTGVTDTQYF,9.375854810453756,2,16
CASSRTGSETDTQYF,13.930618017456895,2,15
CASSRTGRSNQPQHF,12.85491259852814,2,15
CASSRTSGAFF,9.909966518633835,2,11
CASSRGLGSSYNEQFF,9.196951134857166,2,16
CASSRGLGSSYEQYF,12.93036232507801,2,15
CASSRGQGENTIYF,17.259961024650003,2,14
CASSRGRGGEKLFF,11.673555110895196,2,14
CASSRGQYSGNTIYF,17.543400727221915,2,15
CASSRFTYEQYF,17.114589717604787,2,12
CASSRFRYEQYF,12.629246687419112,2,12
CASSRGGLVMNTEAFF,17.396140661084083,2,16
CASSRQESNTGELFF,11.950780315880044,2,15
CASSRPGLTYEQYF,14.706732066339072,2,14
CASSRPDRGTEAFF,15.780486087826432,2,14
CASSRQGFSSSYNEQFF,17.237032064905822,2,17
CASSRQGSEETQYF,7.50659178007084,2,14
CASSSAREKLFF,13.244807533142868,2,12
CASSSASGGAYNEQFF,8.59748202264504,2,16
CASSSATAINQETQYF,17.191815716281823,2,16
CASSVGAGGGIYEQYF,13.567743829149022,2,16
CASSTSPLAKNIQYF,10.93873396558242,2,15
CASSTTASSYNSPLHF,13.134720710093054,2,16
CASSTTISSYNEQFF,14.314693669946193,2,15
CASSTTQSSYNEQFF,13.043841679076053,2,15
CASSVGGGAEDTQYF,7.906547232368036,2,15
CASSVGGSNTDTQYF,14.753446140766782,2,15
CASSVDRTTGELFF,9.623773649733524,2,14
CASSVEGGATYEQYF,12.440179875473358,2,15
CASSSQGVGTGELFF,7.279318835414619,2,15
CASSRVQGSNQPQHF,11.05688785527254,2,15
CASSRSRGLNTEAFF,15.334200229111172,2,15
CASSRSGVSYEQYF,11.217480001900617,2,14
CASSRTESNYGYTF,12.561787128373782,2,14
CASSRQVRNTEAFF,11.221288917210718,2,14
CASSRSGFSGNTIYF,15.639253718727172,2,15
CASSRSDRGYEQYF,15.082427738453612,2,14
CASSRRLAPQETQYF,6.075346031088684,2,15
CASSRRIGGSYNEQFF,8.872066513408342,2,16
CASSRQGHTGELFF,6.228511003591184,2,14
CASSRGTSGADTQYF,13.850800478742723,2,15
CASSSGQGSGNTEAFF,16.53653601516718,2,16
CASSRGTGSGYEQYF,16.83098104497521,2,15
CASSSPAGGRDTQYF,15.155464601588308,2,15
CASSSNREISTDTQYF,14.721571543952518,2,16
CASSSNLAGSYNEQFF,9.484633207308947,2,16
CASSSMDRPSNTGELFF,14.616778690669069,2,17
CASSSLNIQYF,14.950401736864745,2,11
CASSSPGGPRVDTQYF,9.44643963445061,2,16
CASSSPLASSYNEQFF,12.364622207501814,2,16
CASSSPGTVIYEQYF,15.57206193270602,2,15
CASSSPGLAGAGDTQYF,12.59946517240407,2,17
CASSSGETGNTIYF,17.451495225459965,2,14
CASSSGALGNTIYF,16.517301544321676,2,14
CASSSGAKETQYF,11.899629003693327,2,13
CASSSGGGVSYNEQFF,10.935960038699694,2,16
CASSSDRENEKLFF,17.67243286159841,2,14
CASSSDLSFYEQYF,14.480455775360069,2,14
CASSSGAGNTGELFF,9.293577970546238,2,15
CASSSFGTSGTYEQYF,15.55268782148848,2,16
CASSSEGEAGEDTQYF,10.677384882781183,2,16
CASSSDRVGGSYNEQFF,13.776480706595724,2,17
CASSSLDRGRGDTQYF,12.911938598497894,2,16
CASSSPQGQPSGANVLTF,20.140781588156223,2,18
CASSSPRQSTDTQYF,16.39828706333508,2,15
CASSSLAGLYSYNEQFF,7.25629723969068,2,17
CASSRGTGEGQETQYF,10.969490557638611,2,16
CASSRLAPGTDTQYF,11.620936464989018,2,15
CASSRLAGGVYEQYF,14.345539217542688,2,15
CASSRLGGPNTGELFF,14.14058089643236,2,16
CASSSDGGADTQYF,15.039506553495675,2,14
CASSSHPNYGYTF,17.31835255988846,2,13
CASSSHGQGYEQYF,16.887550325805837,2,14
CASSSIQGSYNEQFF,12.910550392099168,2,15
CASSSLAANYGYTF,14.578147886348797,2,14
CASSSPTDSHPSYNEQFF,18.97750660365482,2,18
CASSSKGGPYEQYF,16.372285674083784,2,14
CASSSIRGHEQFF,9.474932921202932,2,13
CASSSGTGGTEKLFF,15.488393581480985,2,15
CASSSGTGEQETQYF,10.432496846735749,2,15
CASSSGTDPVYEQYF,14.116326008806018,2,15
CASSSGTSGSTGELFF,8.185628891147607,2,16
CASSSPWNTEAFF,14.264462267372773,2,13
CASSSPTSGGPKAETQYF,5.932245187448011,2,18
CASSTSRTGGTDTQYF,14.0733847571589,2,16
CASSVAWDSGNTIYF,13.737029962890626,2,15
CASSVDPAGSSYNEQFF,13.449373849518684,2,17
CASSVAYRGYEQYF,16.607258502029907,2,14
CASSSYIGLDYEQYF,15.316422951397392,2,15
CASSTDGAASSYEQYF,16.765898543492334,2,16
CASSSWGGDTIYF,15.568113311991135,2,13
CASSSVRASYNEQFF,8.6347984334905,2,15
CASSTGLAGDNEQFF,8.942460926820582,2,15
CASSTGGSGYEQYF,16.029577393740194,2,14
CASSTFGANVLTF,16.54475548883365,2,13
CASSTERGSYNEQFF,13.77937755293015,2,15
CASSTEDSGNTIYF,12.94672583274879,2,14
CASSSVGTFGDTQYF,12.108680299521524,2,15
CASSSTRPIAGGPDTQYF,10.601572522125696,2,18
CASSSTITPGDTQYF,12.97940252396457,2,15
CASSSTGVVNEKLFF,16.837139596874387,2,15
CASSSTGVVAGNTIYF,14.30514400545792,2,16
CASSSVDPRDTQYF,13.94485055394531,2,14
CASSTQTGRNTEAFF,12.644334028053422,2,15
CASSTPRTAWHTEAFF,11.755918701296917,2,16
CASSTPNEKLFF,16.548405555198304,2,12
CASSTRQGPEKLFF,16.581900985401973,2,14
CASSSYRGGGANVLTF,16.345730142885813,2,16
CASSFPGGTNEKLFF,13.417044399963736,2,15
CASSFPGQGLETQYF,13.744685652183996,2,15
CASSFLGEASYNEQFF,13.484971087630168,2,16
CASSFTGGQDTQYF,13.00602280090334,2,14
CASSGADVSYNEQFF,8.112227958349724,2,15
CASSFTSGRDTDTQYF,15.427904098224008,2,16
CASSFVGTYNEQFF,9.798737961337055,2,14
CASSFVAGDFPDTQYF,15.451368370855592,2,16
CASSFTTGSYNEQFF,6.349138991379798,2,15
CASSFVLSSYNEQFF,9.202005735186123,2,15
CASSFRPNSGNTIYF,17.012479489520672,2,15
CASSFKGRVNTEAFF,16.017266851545944,2,15
CASSFPRNEQFF,9.447150114054208,2,12
CASSFIGRGAKNIQYF,14.99219438205254,2,16
CASSFNTQYF,10.079204010277946,2,10
CASSFLVGSNQPQHF,13.677617667822272,2,15
CASSFLQTYSGNTIYF,16.36230119310021,2,16
CASSFGSDNEQFF,9.307104040408491,2,13
CASSFGRTANYGYTF,15.79131454328353,2,15
CASSFRDRYTEAFF,11.65359134649535,2,14
CASSFRGLMNTEAFF,14.843591649672152,2,15
CASSTLTGGRYEQYF,16.25579424870998,2,15
CASSTLGGGTDTQYF,12.19733962345594,2,15
CASSTGRGDYEQYF,14.435468574905858,2,14
CASSVTGKGTEAFF,18.88740003566135,2,14
CASSVKVGYTEAFF,15.837086465194377,2,14
CASSVLGEGTDTQYF,14.807174404219264,2,15
CASSVGLATSYNEQFF,12.989140508610006,2,16
CASSVGLATSYEQYF,16.165140674207137,2,15
CASSVGLAGPYPPYEQYF,15.372306055831002,2,18
CASSVMAGRDTQYF,13.5226417241585,2,14
CASSVSSGGGYEQYF,16.20917653625513,2,15
CASSVSGRAEETQYF,12.256594642544364,2,15
CASSVQSYSDTQYF,11.89493086681324,2,14
CASSVIQGAPAKNIQYF,13.83661429922876,2,17
CASSVQGPTNTGELFF,12.14950229404178,2,16
CASSVQGARTGELFF,6.533788837933344,2,15
CASSVNGGSYNEQFF,10.481223881584746,2,15
CASSVQGGDIQYF,10.968715397184654,2,13
CASSVRYGEWNTEAFF,12.79741963162705,2,16
CASSVRTGDNEKLFF,15.24067460909757,2,15
CASSTSGTSGNTIYF,17.47473882856965,2,15
CASSVARGQDTQYF,10.353734803416184,2,14
CASSVGWGRETQYF,9.067970030684457,2,14
CASSVKAAEDTQYF,11.78741590923556,2,14
CASSTKRAPSYNEQFF,17.156950858054778,2,16
CASSSQTAGGEKLFF,17.615441709693766,2,15
CASSTGTSGRYQETQYF,11.523301447795,2,17
CASSTGTGRGETQYF,11.463314964416895,2,15
CASSSRQGRTGELFF,5.42934562895444,2,15
CASSSRLAGGSSTDTQYF,16.715004250883226,2,18
CASSSRTAGETQYF,10.370800063970371,2,14
CASSSRRGDYEQYF,8.567125560164447,2,14
CASSSRRGAGNTIYF,15.502716593163896,2,15
CASSSQTIPGQGGSYNEQFF,11.838827750241707,2,20
CASSSQLEGSYEQYF,17.476018006315044,2,15
CASSSSGNRYEQYF,16.55284755020633,2,14
CASSSQTGGLGETQYF,15.913837639877809,2,16
CASSSRGGLSGNTIYF,15.27036479684286,2,16
CASSSRGAGSYEQYF,15.36396288344186,2,15
CASSSTAKMNTEAFF,13.92870977060434,2,15
CASSSSTHEKLFF,11.044648344450197,2,13
CASSSTGRGTDTQYF,14.31316096852924,2,15
CASSSSRANVLTF,9.903387547535797,2,13
CASSSSGSVSETQYF,7.149916836132109,2,15
CASSSDSFSSYEQYF,10.159059571069676,2,15
CASSSGQGTFYF,11.416458616482522,2,12
CSARSWRDIAKNIQYF,15.985210449507305,2,16
CSVKEGLAEIYEQYF,17.00711738019769,2,15
CSASVRGTNEKLFF,15.514312278251545,2,14
CSATRGRSYNEQFF,13.976911462705225,2,14
CSATQGAEAFF,13.198613054469911,2,11
CSASVPGEGDEKLFF,17.998158628681082,2,15
CSATDATNEKLFF,16.27825850709376,2,13
CSASYGGSSYNEQFF,13.481482930848877,2,15
CSASYGGSSYEQYF,16.84925988787495,2,14
CSASVVSYEQYF,13.283231444979112,2,12
CSATRQGGETQYF,8.63621989783788,2,13
CSASFGTDTQYF,15.035645547682057,2,12
CSASGLAGTLGYEQYF,17.75273242830326,2,16
CSARYNYGYTF,14.484902811169604,2,11
CSARVRSNYGYTF,15.769086251517312,2,13
CSARVPGHPYEQYF,17.703270726935052,2,14
CSASAGGGETQYF,9.124346658809207,2,13
CSASGPVGNIQYF,14.0069074754779,2,13
CSASGQGTNEKLFF,16.030034632378555,2,14
CSASGRYQETQYF,14.353481783281705,2,13
CSASGQGYSYNEQFF,13.191740175182147,2,15
CSASRGAGNTEAFF,14.134380202578798,2,14
CSASSGGTNTEAFF,17.13754914119,2,14
CSASSRNTEAFF,11.210738706315563,2,12
CAWSEVDTQYF,13.653838328738164,2,11
CATSTSGDGNTIYF,14.882938290235092,2,14
CATSRGQLQETQYF,12.32851149272275,2,14
CATSRGQHQETQYF,10.968749861522683,2,14
CATSVPGHQETQYF,12.862872181719249,2,14
CATTGTGGGETQYF,10.90165315879472,2,14
CAWSGGFSGNTIYF,17.188560285247227,2,14
CAWSGDMNTEAFF,9.372799299673886,2,13
CAWSFSGSGNTIYF,12.216790008871367,2,14
CATSVPIQGVVWGTIYF,17.860307336595813,2,17
CSASSSGRADTQYF,12.364920846138483,2,14
CAWSAGHQETQYF,11.91762361237254,2,13
CAWRLSGSYNEQFF,14.185987317149962,2,14
CAWNSGANTGELFF,10.314106025885089,2,14
CAWKAGGSYNEQFF,14.04778113100866,2,14
CAWGGNYEQYF,13.44283107912192,2,11
CATWDRDYEQYF,14.569674753932452,2,12
CSAREAGGTYEQYF,11.018629143155447,2,14
CSASTGGEEKLFF,16.127147360350357,2,13
CSASGQGYSYEQYF,16.355750206535454,2,14
CSVGRAETQYF,8.616133139271142,2,11
CASSSGQGDGNTIYF,16.57547663627579,2,15
CSVGDRGPYEQYF,14.425439159773283,2,13
CSATVSYEQYF,16.014002775948924,2,11
CSVAGQGNTEAFF,14.078923503143116,2,13
CSVEGEETQYF,13.448936781846294,2,11
CSVASNSYEQYF,13.706275880757849,2,12
CSARGRNDYEQYF,12.29339647370185,2,13
CSARGQASSTDTQYF,12.668107105126232,2,15
CSARKGTGWVNTEAFF,15.23236855611592,2,16
CSARGTSGYQETQYF,9.004176840696658,2,15
CSARGDKETQYF,10.363440845928364,2,12
CSARERGLSYNEQFF,9.472012088995733,2,15
CSARGGSGQETQYF,8.344980368770571,2,14
CSARGEGGTEAFF,14.17696108065302,2,13
CSARVITNYGYTF,17.597957219242396,2,13
CSARLRAYEQYF,10.015163086426718,2,12
CSARTGGDMNTEAFF,18.310499627848067,2,15
CSARVEGMNTEAFF,15.003030757397706,2,14
CSARTSFAYEQYF,17.502311077590647,2,13
CSARTSGRVNSGANVLTF,16.532387158214945,2,18
CSARTSGGAQETQYF,9.979105098994715,2,15
CSAVALNTEAFF,12.842165230390291,2,12
CSAYSGGAVDTQYF,14.780537738279484,2,14
CSGRGQETQYF,10.57653406138907,2,11
CSVTETNTGELFF,16.098102309477348,2,13
CSVNAGFSSYEQYF,16.07559255668136,2,14
CSVVTVDTQYF,13.980917363530988,2,11
CSVVTDQETQYF,7.545389749611823,2,12
CSVVRQETQYF,9.10764297373784,2,11
CSVVRDSTDTQYF,15.173183197645228,2,13
CSVVGRGPYEQYF,15.774644598955556,2,13
CSVVGQFYEQYF,18.809101078387705,2,12
CSVTSGSYNEQFF,12.110277348075307,2,13
CSVSGTDQETQYF,8.921057018157427,2,13
CSGTRDQETQYF,9.868585500526864,2,12
CSVSGTAQETQYF,12.738055860566856,2,13
CSVQGSDYEQYF,8.655214489313613,2,12
CSVPQIGYSMNTEAFF,15.476670332937474,2,16
CSVSSGGQETQYF,13.169437784790258,2,13
CSVELDRGRNEKLFF,17.770652131567456,2,15
CSTETGTSGADTQYF,12.387660599970378,2,15
CSPPGGTDTQYF,13.902377924584908,2,12
CATSSGGRTEAFF,16.107372361449563,2,13
CATSSGQGDTDTQYF,16.985461019524053,2,15
CAWSSGRSSYNEQFF,11.547761579805686,2,15
CAWSSWETQYF,9.21830854162536,2,11
CSADSQDTQYF,12.05141683814747,2,11
CSAELAYEQYF,12.54180174895344,2,11
CSAGTGGFTEAFF,15.761053210929742,2,13
CSAGRRNTEAFF,12.64094120400758,2,12
CSAGQSYNEQFF,8.734881892047483,2,12
CSAPSPSYNEQFF,8.383433201236713,2,13
CSARDRGGPNYGYTF,10.957938945418467,2,15
CSARDQRGPYEQYF,15.550835116266898,2,14
CSARDQGAGNTEAFF,15.556432418437993,2,15
CSARDPSGDTDTQYF,16.127757623408517,2,15
CSARDVAGSSYEQYF,17.62806631493899,2,15
CSARDSTGNTGELFF,8.920255414908091,2,15
CSARDSTANTGELFF,6.222576268071369,2,15
CSARAGNTDTQYF,14.366287397232492,2,13
CSARAGGDMNTEAFF,17.725978755304524,2,15
CSAQRGGQANSGANVLTF,17.321436775816785,2,18
CSAQQGGTDTQYF,15.820644549883797,2,13
CSAHAGRYTTDTQYF,17.184865404651262,2,15
CAWSVPGSTDTQYF,16.754503153525636,2,14
CSAPRSLNTEAFF,11.01402841206951,2,13
CSALDSSGANVLTF,14.789843757232298,2,14
CASSSGRGRQETQYF,12.832599138748224,2,15
CASSSGLAGGGTGELFF,8.35936910622267,2,17
CASSSGIFTDTQYF,14.97050412524763,2,14
CASSSGLAPQSYEQYF,12.157722384589126,2,16
CASSVTVPYEQYF,14.969378414171038,2,13
CSALSSSNTGELFF,14.562437339488373,2,14
CSALSGTTSTDTQYF,14.398948893682284,2,15
CSALRPGQVNTEAFF,15.224995917010466,2,15
CSALASSYEQYF,15.238464663446766,2,12
CSANSVHTYEQYF,15.270350090368334,2,13
CSAKTGSGELFF,6.335054251498059,2,12
CSAKLANTGELFF,14.831540917863896,2,13
CSALAGVYEQYF,15.322317559311417,2,12
CSAMGQTYEQYF,16.586556277888022,2,12
CSAPAPYEQYF,14.368063750094729,2,11
CSAPRSGSYNEQFF,12.393381743835167,2,14
CSAPRSGSSYNEQFF,15.144254457815428,2,15
CSAPPSGRAYEQYF,10.85838342352135,2,14
CSAPSTGQETQYF,6.51025834052315,2,13
CSARAGQGGTEAFF,12.79600145883765,2,14
CSARDLQGATNEKLFF,16.072169401866322,2,16
CATSENGGTDTQYF,14.821125589957957,2,14
CATSDLQRWDGNTIYF,18.54229808149126,2,16
CATSDPGNANTGELFF,15.421817373626968,2,16
CATSDGTSGLYEQYF,14.883133601795477,2,15
CATSDAGSSYNEQFF,16.03568444059545,2,15
CATSAPGSYEQYF,13.73121004870474,2,13
CATRWGQGSYNEQFF,5.298317366548037,2,15
CATSDPRGASYEQYF,13.86417404744414,2,15
CATSGGTGANVLTF,15.633005835302392,2,14
CATSEDSYNEQFF,12.635638321085867,2,13
CATSDLYEQFF,14.528840195636704,2,11
CATSDPGQGRNEQFF,9.637110246578176,2,15
CATSDSGASNPSGANVLTF,15.348145176819449,2,19
CAWSPGAEAFF,12.291240657900053,2,11
CAWSLAGGQETQYF,12.01846514270698,2,14
CAWSGTGTGNTIYF,16.645564032534242,2,14
CAWSVDRYEQYF,13.728395902914375,2,12
CAWSVDRRTEAFF,10.270211832327862,2,13
CAWSTYEQYF,15.440785401568704,2,10
CATSDLQTLFSGNTIYF,12.250983867750646,2,17
CATSDPGLAYNEQFF,9.817929664174482,2,15
CSARDLASGGTDTQYF,15.900148574550927,2,16
CATSMGGENTIYF,17.581464518999073,2,13
CSARALGADTQYF,14.743585186207232,2,13
CSARDGRGNEKLFF,10.499242387087424,2,14
CSARDGGWSTEAFF,11.08238867243304,2,14
CSARAREGSYNEQFF,11.938343515874015,2,15
CSARDYRVTEAFF,15.836644790782834,2,13
CATSRDLAGAGDTQYF,13.3907861749173,2,16
CATSRDAMNTEAFF,13.265878268648796,2,14
CATSRAENTEAFF,15.38062535409771,2,13
CATSRDGPNTGELFF,13.728267154058482,2,15
CATSGQGASEAFF,14.838407429384606,2,13
CATSIGRGGSYEQYF,18.931465184870355,2,15
CATSRGDRAGANVLTF,15.964675204445804,2,16
CATSREGLNTEAFF,17.864676932469035,2,14
CATSRDTMNTEAFF,15.232621425230104,2,14
CATSRDSLAGAEGDTQYF,16.21231723846099,2,18
CATSRDSGQGNPYEQYF,17.975698664410768,2,17
CATSRDRQNTIYF,16.66857750840937,2,13
CATSRDRGQQETQYF,11.71722864587057,2,15
CASSLGSGSDTGELFF,8.327000740241713,2,16
